rank,asin,title,brand,price,currency,rating,review_count,category,subcategory,badge,image_url,product_url,scraped_at,page_number,title_word_count,has_price,price_tier,review_tier
1,B0FMDL81GS,"OnePlus Nord Buds 3r TWS Earbuds up to 54 Hours Playback, 2-mic Clear Calls, 3D Spatial Audio, AI Translation, 12.4mm Drivers, Dual-Device Connectivity, 47ms Low Latency - Ash Black",OnePlus,1599.0,INR,4.2,40900,Electronics,Electronics,,"https://images-eu.ssl-images-amazon.com/images/I/51nBTTG3hNL._AC_UL300_SR300,200_.jpg",https://www.amazon.in/OnePlus-Playback-Translation-Dual-Device-Connectivity/dp/B0FMDL81GS/ref=zg_bs_g_electronics_d_sccl_1/522-0161304-3267341?psc=1,2026-03-24T12:39:39.973611,1,29,True,mid,high
2,B082LSVT4B,"Ambrane Unbreakable 60W Fast Charging 1.5M Braided Type C to Type C Cable for Smartphones, Tablets, Laptops & Other Type C Devices, PD Technology, 480Mbps Data Sync (RCTT15, Black)",Ambrane,129.0,INR,4.0,88322,Electronics,Electronics,,"https://images-eu.ssl-images-amazon.com/images/I/71MhtZF5NWL._AC_UL300_SR300,200_.jpg",https://www.amazon.in/Ambrane-Unbreakable-Charging-Braided-Cable/dp/B082LSVT4B/ref=zg_bs_g_electronics_d_sccl_2/522-0161304-3267341?psc=1,2026-03-24T12:39:39.975510,1,29,True,budget,high
3,B0F7Y54PJX,"Boat 2025 Launch Rockerz 113, 40H Battery, Dual Pair, Fast Charge, ENx Tech, Stream Ad Free Music via App Support, Magnetic Buds, Bluetooth Neckband, Wireless with Mic in Ear Earphones (Active Black)",Boat,699.0,INR,4.0,8051,Electronics,Electronics,,"https://images-eu.ssl-images-amazon.com/images/I/61B5hIAmvdL._AC_UL300_SR300,200_.jpg",https://www.amazon.in/boAt-Rockerz-Magnetic-Bluetooth-Earphones/dp/B0F7Y54PJX/ref=zg_bs_g_electronics_d_sccl_3/522-0161304-3267341?psc=1,2026-03-24T12:39:39.976716,1,32,True,mid,high
4,B0GN1NNYXF,"Samsung Galaxy M17e 5G Mobile (Vibe Violet, 6GB RAM, 128GB Storage) | Smoothest 120 Hz Refresh Rate| Monster 6000 mAh Battery | IP54 | 6 Gen OS Upgrades | AI | Gemini Live | Without Charger",Samsung,13499.0,INR,,,Electronics,Electronics,,"https://images-eu.ssl-images-amazon.com/images/I/717m3kkQM1L._AC_UL300_SR300,200_.jpg",https://www.amazon.in/Samsung-Storage-Smoothest-Refresh-Upgrades/dp/B0GN1NNYXF/ref=zg_bs_g_electronics_d_sccl_4/522-0161304-3267341?psc=1,2026-03-24T12:39:39.979842,1,36,True,premium,
5,B0GHWBW56P,"realme NARZO 90x 5G (Marine Blue,4GB+128GB) |7000mAh + 60W Biggest Battery & Fastest Charging in The Segment* | 144Hz Bright Display | Sony 50MP AI Rear Camera | AI Assist | 400% Ultra Boom Speaker",realme,12999.0,INR,4.3,636,Electronics,Electronics,,"https://images-eu.ssl-images-amazon.com/images/I/81CBZ-ImQgL._AC_UL300_SR300,200_.jpg",https://www.amazon.in/realme-7000mAh-Biggest-Battery-Charging/dp/B0GHWBW56P/ref=zg_bs_g_electronics_d_sccl_5/522-0161304-3267341?psc=1,2026-03-24T12:39:39.981946,1,35,True,premium,medium
6,B0FBRGKXHG,"OnePlus Bullets Wireless Z3 in-Ear Neckband with 12.4mm Drivers, 3D Spatial Audio,10 mins Charge for 27 hrs Playback, 4 EQ preset, Dynamic bass Enhancement & BT5.4",OnePlus,1499.0,INR,4.1,225970,Electronics,Electronics,,"https://images-eu.ssl-images-amazon.com/images/I/51vT4GzBObL._AC_UL300_SR300,200_.jpg",https://www.amazon.in/OnePlus-Wireless-Neckband-Playback-Enhancement/dp/B0FBRGKXHG/ref=zg_bs_g_electronics_d_sccl_6/522-0161304-3267341?psc=1,2026-03-24T12:39:39.984068,1,26,True,mid,high
7,B0GP8XTH7K,"iQOO Z11x 5G (Prismatic Green, 8GB RAM, 256 GB Storage) | Dimensity 7400-Turbo Processor | 7200 mAh Battery Smartphone | Powered by OriginOS 6",iQOO,22998.0,INR,,,Electronics,Electronics,,"https://images-eu.ssl-images-amazon.com/images/I/61HBOs7MdQL._AC_UL300_SR300,200_.jpg",https://www.amazon.in/iQOO-Prismatic-Dimensity-7400-Turbo-Smartphone/dp/B0GP8XTH7K/ref=zg_bs_g_electronics_d_sccl_7/522-0161304-3267341?psc=1,2026-03-24T12:39:39.986470,1,24,True,premium,
8,B0DDHM6D3L,"Portronics Conch Theta C in Ear Type C Wired Earphones with in Line HD Mic, Powerful Audio, 14.2mm Driver, Unique Earbuds Design, TPE Anti Tangle Wire, in line Controls, Wide Compatibility(White)",Portronics,264.0,INR,4.1,7199,Electronics,Electronics,,"https://images-eu.ssl-images-amazon.com/images/I/51GGwjwSr0L._AC_UL300_SR300,200_.jpg",https://www.amazon.in/Portronics-Earphones-Powerful-Controls-Compatibility/dp/B0DDHM6D3L/ref=zg_bs_g_electronics_d_sccl_8/522-0161304-3267341?psc=1,2026-03-24T12:39:39.988399,1,31,True,budget,high
9,B0D2R2MXXJ,"Samsung Original 25W USB Type-C Travel Adaptor Without Cable for Google Pixel, Xiaomi, Motorola, iPhone, Samsung Galaxy Tab S/A Series, Galaxy S10/M54/M55/A80/A90/S25/S24, White",Samsung,759.0,INR,4.4,18551,Electronics,Electronics,,"https://images-eu.ssl-images-amazon.com/images/I/512UVkoMMEL._AC_UL300_SR300,200_.jpg",https://www.amazon.in/Samsung-Original-Type-C-Adaptor-without/dp/B0D2R2MXXJ/ref=zg_bs_g_electronics_d_sccl_9/522-0161304-3267341?psc=1,2026-03-24T12:39:39.990435,1,23,True,mid,high
10,B0DFQ1R3W4,"OnePlus Nord Buds 3 Truly Wireless Bluetooth Earbuds with up to 32dB Active Noise Cancellation, 10mins for 11Hours Fast Charging with Up to 43h Music Playback -Harmonic Gray",OnePlus,2099.0,INR,4.3,18110,Electronics,Electronics,,"https://images-eu.ssl-images-amazon.com/images/I/519DDBTBbzL._AC_UL300_SR300,200_.jpg",https://www.amazon.in/OnePlus-Wireless-Bluetooth-Cancellation-Harmonic/dp/B0DFQ1R3W4/ref=zg_bs_g_electronics_d_sccl_10/522-0161304-3267341?psc=1,2026-03-24T12:39:39.991641,1,28,True,premium,high
11,B0F7KPSSLB,"YATWIN Silicone Back Case for Google Pixel 9A, Soft-Touch Phone Back Cover for Google Pixel 9A - Black",YATWIN,299.0,INR,4.1,3373,Electronics,Electronics,,"https://images-eu.ssl-images-amazon.com/images/I/51DEZIHX9YL._AC_UL300_SR300,200_.jpg",https://www.amazon.in/YATWIN-Google-Pixel-9A-Soft-Touch/dp/B0F7KPSSLB/ref=zg_bs_g_electronics_d_sccl_11/522-0161304-3267341?psc=1,2026-03-24T12:39:39.992796,1,18,True,budget,high
12,B0FCMLCX46,OnePlus Nord CE5 | MediaTek Dimensity | Massive 7100mAh Battery | Powered by OnePlus AI | 128GB 8GB | Black Infinity,OnePlus,24996.0,INR,4.4,5116,Electronics,Electronics,,"https://images-eu.ssl-images-amazon.com/images/I/61IOa9IrlaL._AC_UL300_SR300,200_.jpg",https://www.amazon.in/OnePlus-Massive-MediaTek-Dimensity-Infinity/dp/B0FCMLCX46/ref=zg_bs_g_electronics_d_sccl_12/522-0161304-3267341?psc=1,2026-03-24T12:39:39.994879,1,21,True,premium,high
13,B0DX655V11,"Samsung Galaxy M06 5G Mobile (Sage Green, 6GB RAM, 128GB Storage) | MediaTek Dimensity 6300 | AnTuTu 623K+ | 12 5G Bands | 25W Fast Charging | 4 Gen OS Upgrades | 50MP Camera | Without Charger",Samsung,11999.0,INR,4.0,7005,Electronics,Electronics,,"https://images-eu.ssl-images-amazon.com/images/I/71evPv-TvmL._AC_UL300_SR300,200_.jpg",https://www.amazon.in/Samsung-MediaTek-Dimensity-Charging-Upgrades/dp/B0DX655V11/ref=zg_bs_g_electronics_d_sccl_13/522-0161304-3267341?psc=1,2026-03-24T12:39:39.997045,1,37,True,premium,high
14,B0C9X26H4Q,SupCares Tempered Glass for Samsung Galaxy S24 Ultra (6.8 Inch) With Installation Kit | Military-Grade Gorilla Screen Protector | Edge to Edge Coverage | Black,SupCares,292.0,INR,4.0,30291,Electronics,Electronics,,"https://images-eu.ssl-images-amazon.com/images/I/61tBr4LvUiL._AC_UL300_SR300,200_.jpg",https://www.amazon.in/SupCares-Tempered-Samsung-Galaxy-Installation/dp/B0C9X26H4Q/ref=zg_bs_g_electronics_d_sccl_14/522-0161304-3267341?psc=1,2026-03-24T12:39:39.999064,1,25,True,budget,high
15,B08TV2P1N8,"Boat Rockerz 255 Pro+, 60HRS Battery, Fast Charge, IPX7, Dual Pairing, Low Latency, Magnetic Earbuds, in Ear Bluetooth Neckband, Wireless with Mic Earphones (Active Black)",Boat,1001.0,INR,4.0,147783,Electronics,Electronics,,"https://images-eu.ssl-images-amazon.com/images/I/61+SW9nDTEL._AC_UL300_SR300,200_.jpg",https://www.amazon.in/boAt-Rockerz-255-Pro-Earphones/dp/B08TV2P1N8/ref=zg_bs_g_electronics_d_sccl_15/522-0161304-3267341?psc=1,2026-03-24T12:39:40.001518,1,25,True,mid,high
16,B097JJ2CK6,"Safari Omega spacious/large laptop backpack with Raincover, college bag, travel bag for men and women, Black, 30 Litre",Safari,619.0,INR,4.1,14952,Electronics,Electronics,,"https://images-eu.ssl-images-amazon.com/images/I/71maWXZscfL._AC_UL300_SR300,200_.jpg",https://www.amazon.in/Safari-Laptop-Backpack-Raincover-college/dp/B097JJ2CK6/ref=zg_bs_g_electronics_d_sccl_16/522-0161304-3267341?psc=1,2026-03-24T12:39:40.003584,1,18,True,mid,high
17,B071Z8M4KX,Boat BassHeads 100 in-Ear Headphones with Mic (Black),Boat,399.0,INR,4.1,433117,Electronics,Electronics,,"https://images-eu.ssl-images-amazon.com/images/I/513ugd16C6L._AC_UL300_SR300,200_.jpg",https://www.amazon.in/boAt-BassHeads-100-Headphones-Black/dp/B071Z8M4KX/ref=zg_bs_g_electronics_d_sccl_17/522-0161304-3267341?psc=1,2026-03-24T12:39:40.005624,1,8,True,budget,high
18,B0BF57RN3K,"Fire-Boltt Ninja Call Pro Plus Bluetooth Calling Smart Watch, 1.83″ HD Display, AI Voice Assistant, 120+ Sports Modes, IP67 Waterproof, SpO2 & Heart Rate Monitor Smartwatch for Men & Women - Black",Fire-Boltt,1199.0,INR,,,Electronics,Electronics,,"https://images-eu.ssl-images-amazon.com/images/I/61rmkmqD5VL._AC_UL300_SR300,200_.jpg",https://www.amazon.in/Fire-Boltt-Bluetooth-Calling-Assistance-Resolution/dp/B0BF57RN3K/ref=zg_bs_g_electronics_d_sccl_18/522-0161304-3267341?psc=1,2026-03-24T12:39:40.007130,1,32,True,mid,
19,B0BJ72WZQ7,"Noise Twist Round dial Smart Watch with Bluetooth Calling, 1.38"" TFT Display, up-to 7 Days Battery, 100+ Watch Faces, IP68, Heart Rate Monitor, Sleep Tracking (Jet Black)",Noise,1299.0,INR,4.0,52519,Electronics,Electronics,,"https://images-eu.ssl-images-amazon.com/images/I/61-vRq2ulOL._AC_UL300_SR300,200_.jpg",https://www.amazon.in/Noise-Launched-Bluetooth-Calling-Tracking/dp/B0BJ72WZQ7/ref=zg_bs_g_electronics_d_sccl_19/522-0161304-3267341?psc=1,2026-03-24T12:39:40.008307,1,27,True,mid,high
20,B0FN89KT94,"TheGiftKart Ultra-Hybrid Crystal Clear Back Case Cover for iPhone 17 | Shockproof Design | Hard Back Cover Case for iPhone 17 (PC & TPU, Transparent)",TheGiftKart,277.0,INR,4.2,18759,Electronics,Electronics,,"https://images-eu.ssl-images-amazon.com/images/I/51vTuExAndL._AC_UL300_SR300,200_.jpg",https://www.amazon.in/TheGiftKart-Ultra-Hybrid-iPhone-17-Transparent/dp/B0FN89KT94/ref=zg_bs_g_electronics_d_sccl_20/522-0161304-3267341?psc=1,2026-03-24T12:39:40.009462,1,25,True,budget,high
21,B0FCY5MVZ6,"OpenTech® Privacy Military-Grade Gorilla Tempered Glass Screen Protector for Samsung Galaxy S24 Ultra with Edge to Edge Coverage - Case Friendly, Anti-scratch and Bubble free installation kit",OpenTech®,299.0,INR,4.0,66898,Electronics,Electronics,,"https://images-eu.ssl-images-amazon.com/images/I/616jPLgPUjL._AC_UL300_SR300,200_.jpg",https://www.amazon.in/Privacy-Samsung-S24-Ultra-Installation/dp/B0FCY5MVZ6/ref=zg_bs_g_electronics_d_sccl_21/522-0161304-3267341?psc=1,2026-03-24T12:39:40.011033,1,27,True,budget,high
22,B0DBGP48NW,"realme Buds T310 True Wireless in-Ear Earbuds with 46dB Hybrid ANC, 360° Spatial Audio, 12.4mm Dynamic Bass Driver, Upto 40Hrs Battery and Fast Charging (Vibrant Black)",realme,1899.0,INR,4.2,18814,Electronics,Electronics,,"https://images-eu.ssl-images-amazon.com/images/I/61dj32WdrxL._AC_UL300_SR300,200_.jpg",https://www.amazon.in/realme-Wireless-Earbuds-Spatial-Charging/dp/B0DBGP48NW/ref=zg_bs_g_electronics_d_sccl_22/522-0161304-3267341?psc=1,2026-03-24T12:39:40.012451,1,26,True,mid,high
23,B0DCZ3WDTB,"Xiaomi Power Bank 4i 20000mAh 33W Super Fast Charging PD |Smart 12 Layer Protection|Type C Input & Output|Triple Output Ports|Supports Android,Apple, Tablets, Earbuds,Watch(MI Powerbank),Black",Xiaomi,2199.0,INR,4.2,108446,Electronics,Electronics,,"https://images-eu.ssl-images-amazon.com/images/I/41vBAaU8clL._AC_UL300_SR300,200_.jpg",https://www.amazon.in/Xiaomi-20000mAh-Charging-Delivery-Supports/dp/B0DCZ3WDTB/ref=zg_bs_g_electronics_d_sccl_23/522-0161304-3267341?psc=1,2026-03-24T12:39:40.013607,1,24,True,premium,high
24,B0DZCRYG7R,"realme Buds T200 Lite Bluetooth in Ear Earbuds,4 Mic, AI ENC for Calls,48 Hours Total Playback with Fast Charging and Low Latency Gaming TWS,Google Fast Pair, with mic (Volt Black)",realme,1199.0,INR,4.1,31596,Electronics,Electronics,,"https://images-eu.ssl-images-amazon.com/images/I/61MOG3nzwQL._AC_UL300_SR300,200_.jpg",https://www.amazon.in/realme-Bluetooth-Earbuds-Playback-Charging/dp/B0DZCRYG7R/ref=zg_bs_g_electronics_d_sccl_24/522-0161304-3267341?psc=1,2026-03-24T12:39:40.014688,1,30,True,mid,high
25,B0D9S87H53,"Ambrane Magsafe Wireless 10000Mah Fast Charging USB Type-C Input Power Bank, Strong Magnet, 22.5W Output For iPhone 12 & Above, Android & Other Qi Enabled Devices + Magnetic Ring (Aerosync Snap, Blue)",Ambrane,1499.0,INR,4.0,6861,Electronics,Electronics,,"https://images-eu.ssl-images-amazon.com/images/I/61H84kDDNFL._AC_UL300_SR300,200_.jpg",https://www.amazon.in/Ambrane-Wireless-10000mAh-Charging-Magnetic/dp/B0D9S87H53/ref=zg_bs_g_electronics_d_sccl_25/522-0161304-3267341?psc=1,2026-03-24T12:39:40.015746,1,32,True,mid,high
26,B09BFV96TS,"Dyazo Water Resistant Laptop Sleeve/Laptop case/laptop cover with Handle Compatible for 15 Inch to 15.6"" Inches laptops & Notebooks - Grey",Dyazo,289.0,INR,4.3,21489,Electronics,Electronics,,"https://images-eu.ssl-images-amazon.com/images/I/81rRMwFG0+L._AC_UL300_SR300,200_.jpg",https://www.amazon.in/Dyazo-Resistant-Compatible-laptops-Notebooks/dp/B09BFV96TS/ref=zg_bs_g_electronics_d_sccl_26/522-0161304-3267341?psc=1,2026-03-24T12:39:40.016705,1,21,True,budget,high
27,B0FC2Y3XGV,"Boat Airdopes 219, 4Mics ENx, 40H Battery, Best in Segment for Calling, Stream Ad Free Music via App Support, Bluetooth Earbuds, TWS Ear Buds Wireless Earphones with mic (Carbon Black)",Boat,999.0,INR,3.8,3802,Electronics,Electronics,,"https://images-eu.ssl-images-amazon.com/images/I/71FOccCOQmL._AC_UL300_SR300,200_.jpg",https://www.amazon.in/boAt-Airdopes-Bluetooth-Wireless-Earphones/dp/B0FC2Y3XGV/ref=zg_bs_g_electronics_d_sccl_27/522-0161304-3267341?psc=1,2026-03-24T12:39:40.017677,1,30,True,mid,high
28,B0F63BY6LT,"Kratos K9 Selfie Stick Tripod With Light, 67 inch /170CM Reinforced Tripod for Mobile Phone, Multi-Functional Bluetooth Long Selfie Stick for Travel,Vlogging,Compatible with iPhone and All Smartphones",Kratos,619.0,INR,,,Electronics,Electronics,,"https://images-eu.ssl-images-amazon.com/images/I/617qw0QPA8L._AC_UL300_SR300,200_.jpg",https://www.amazon.in/Kratos-Reinforced-Multi-Functional-Compatible-Smartphones/dp/B0F63BY6LT/ref=zg_bs_g_electronics_d_sccl_28/522-0161304-3267341?psc=1,2026-03-24T12:39:40.018898,1,27,True,mid,
29,B0DB269JKH,"Portronics Clamp M4 Car Phone Holder Stand with 360 Degree Rotation, Strong Grip, Suction Cup Mount, Single Hand Use, Shockproof Build, Mobile Stand for Car (Black)",Portronics,244.0,INR,3.9,17873,Electronics,Electronics,,"https://images-eu.ssl-images-amazon.com/images/I/61--PoBNi4L._AC_UL300_SR300,200_.jpg",https://www.amazon.in/Portronics-Holder-Rotation-Suction-Shockproof/dp/B0DB269JKH/ref=zg_bs_g_electronics_d_sccl_29/522-0161304-3267341?psc=1,2026-03-24T12:39:40.019880,1,26,True,budget,high
30,B08LHTJTBB,"Dyazo 6 Angles Adjustable Aluminum Ergonomic Foldable Portable Tabletop Laptop/Desktop Riser Stand Holder Compatible for MacBook, HP, Dell, Lenovo & All Other Notebook (Silver)",Dyazo,348.0,INR,4.3,19439,Electronics,Electronics,,"https://images-eu.ssl-images-amazon.com/images/I/61kBmC8NfGL._AC_UL300_SR300,200_.jpg",https://www.amazon.in/Dyazo-Computer-Adjustable-Ergonomic-Compatible/dp/B08LHTJTBB/ref=zg_bs_g_electronics_d_sccl_30/522-0161304-3267341?psc=1,2026-03-24T12:39:40.021262,1,24,True,budget,high
1,B0D96JNKFN,"Amazon Basics 20000 mAh Power Bank | 22.5W Fast Charging | Dual Output & Input | Charge 3 Devices Simultaneously | for Smartphones, TWS Earbuds, Speakers, Tablets (Black)",Amazon,899.0,INR,3.9,3970,Electronics,Electronics,,"https://images-eu.ssl-images-amazon.com/images/I/61D2km21WCL._AC_UL300_SR300,200_.jpg",https://www.amazon.in/Charging-Devices-Simultaneously-Smartphones-Speakers/dp/B0D96JNKFN/ref=zg_bs_g_electronics_d_sccl_1/522-0161304-3267341?psc=1,2026-03-24T12:39:47.126587,2,28,True,mid,high
2,B0FDGVNSLH,Samsung Galaxy Buds Core (Black) Galaxy AI Enabled in-Ear TWS with ANC | Enriched Bass | 6 Mic Setup | IP54 | 35hrs Battery | Touch Controls,Samsung,3999.0,INR,4.0,1825,Electronics,Electronics,,"https://images-eu.ssl-images-amazon.com/images/I/61WRrNa6BIL._AC_UL300_SR300,200_.jpg",https://www.amazon.in/Samsung-Enabled-Enriched-Battery-Controls/dp/B0FDGVNSLH/ref=zg_bs_g_electronics_d_sccl_2/522-0161304-3267341?psc=1,2026-03-24T12:39:47.127584,2,27,True,premium,high
3,B0DW47JCHW,"iQOO Neo 10R 5G (Moonknight Titanium, 8GB RAM, 256GB Storage) | Snapdragon 8s Gen 3 Processor | India's Slimmest 6400mAh Battery Smartphone | Segment's Most Stable 90FPS for 5 Hours",iQOO,28998.0,INR,4.4,6640,Electronics,Electronics,,"https://images-eu.ssl-images-amazon.com/images/I/610NUM9jlxL._AC_UL300_SR300,200_.jpg",https://www.amazon.in/iQOO-Moonknight-Snapdragon-Processor-Smartphone/dp/B0DW47JCHW/ref=zg_bs_g_electronics_d_sccl_3/522-0161304-3267341?psc=1,2026-03-24T12:39:47.128572,2,30,True,premium,high
4,B09QGZFBPM,"Wayona Type C to Type C 6FT/2M 65W Long Fast Charging Cable Compatible with iPhone 17, Air, iPhone 16,15 Pro/Max Series Macbook Air/Pro Samsung Galaxy S25, Ultra/S24/ S23 Flip Fold OnePlus (2M, Grey)",Wayona,313.99,INR,4.2,9088,Electronics,Electronics,,"https://images-eu.ssl-images-amazon.com/images/I/61K3e5X2vDL._AC_UL300_SR300,200_.jpg",https://www.amazon.in/Wayona-Charging-Charger-Compatible-Samsung/dp/B09QGZFBPM/ref=zg_bs_g_electronics_d_sccl_4/522-0161304-3267341?psc=1,2026-03-24T12:39:47.129554,2,33,True,budget,high
5,B0D7MNX9Y5,Apple EarPods with Lightning Connector,Apple,1549.0,INR,4.3,9619,Electronics,Electronics,,"https://images-eu.ssl-images-amazon.com/images/I/317eB4+yU6L._AC_UL300_SR300,200_.jpg",https://www.amazon.in/Apple-EarPods-with-Lightning-Connector/dp/B0D7MNX9Y5/ref=zg_bs_g_electronics_d_sccl_5/522-0161304-3267341?psc=1,2026-03-24T12:39:47.130537,2,5,True,mid,high
6,B0F3JM1YP5,Xiaomi 80 cm (32 inch) F Series HD Ready Smart LED Fire TV L32MB-FIN,Xiaomi,11990.0,INR,4.1,2709,Electronics,Electronics,,"https://images-eu.ssl-images-amazon.com/images/I/71kjAokz-yL._AC_UL300_SR300,200_.jpg",https://www.amazon.in/Xiaomi-inch-Ready-Smart-L32MB-FIN/dp/B0F3JM1YP5/ref=zg_bs_g_electronics_d_sccl_6/522-0161304-3267341?psc=1,2026-03-24T12:39:47.131539,2,14,True,premium,high
7,B0BW8TXJJ2,"Boat Nirvana Ion, 120HRS Battery, Crystal Bionic Sound w/Dual EQ Modes, 4Mics ENx, App Support, Low Latency, IPX4, v.5.2 Bluetooth Earbuds, TWS Ear Buds Wireless Earphones with mic (Charcoal Black)",Boat,1799.0,INR,4.0,22263,Electronics,Electronics,,"https://images-eu.ssl-images-amazon.com/images/I/81-TGXuOMAL._AC_UL300_SR300,200_.jpg",https://www.amazon.in/boAt-Nirvana-Technology-Detection-Bluetooth/dp/B0BW8TXJJ2/ref=zg_bs_g_electronics_d_sccl_7/522-0161304-3267341?psc=1,2026-03-24T12:39:47.132599,2,30,True,mid,high
8,B0DN1Q4NSJ,"GOBOULT x Mustang Torq Wireless in Ear Earbuds with 60H Playtime, App Support, Quad Mic ENC, 45ms Low Latency, 13mm Driver, Breathing LEDs, Made in India Ear Buds Wireless (Yellow)",GOBOULT,1799.0,INR,4.0,13131,Electronics,Electronics,,"https://images-eu.ssl-images-amazon.com/images/I/71rbNPgK-RL._AC_UL300_SR300,200_.jpg",https://www.amazon.in/Boult-Launched-Earbuds-Playtime-Breathing/dp/B0DN1Q4NSJ/ref=zg_bs_g_electronics_d_sccl_8/522-0161304-3267341?psc=1,2026-03-24T12:39:47.133716,2,30,True,mid,high
9,B01DGVKBC6,"FEDUS Cat6 Ethernet Cable, 10M High Speed 550MHZ / 10 Gigabit Speed UTP LAN Cable, Network Cable Internet Cable RJ45 Cable LAN Wire, Patch Computer Cord Gigabit Category 6 Wires for Modem,WHITE",FEDUS,289.0,INR,4.4,19212,Electronics,Electronics,,"https://images-eu.ssl-images-amazon.com/images/I/81sGkqckhDL._AC_UL300_SR300,200_.jpg",https://www.amazon.in/Technotech-Ethernet-Network-Patch-Cable/dp/B01DGVKBC6/ref=zg_bs_g_electronics_d_sccl_9/522-0161304-3267341?psc=1,2026-03-24T12:39:47.134764,2,32,True,budget,high
10,B0CV45N68C,"Portronics Konnect X 60W Unbreakable Nylon Braided Cable, 2M Fast Charging Cable For iPhone 15 Series, iPad, Samsung Galaxy (Black)",Portronics,169.0,INR,4.4,5901,Electronics,Electronics,,"https://images-eu.ssl-images-amazon.com/images/I/71hWHCvPCLL._AC_UL300_SR300,200_.jpg",https://www.amazon.in/Portronics-Konnect-Unbreakable-Braided-Charging/dp/B0CV45N68C/ref=zg_bs_g_electronics_d_sccl_10/522-0161304-3267341?psc=1,2026-03-24T12:39:47.135786,2,20,True,budget,high
11,B0CR6JQT6F,"Portronics Konnect X USB to Type C Cable with 3A Output, Fast Charging & Data Transfer, Nylon Braided, Aluminium Alloy Shell, 1M Length compatible with Type C Smartphones(Black)",Portronics,129.0,INR,4.2,6816,Electronics,Electronics,,"https://images-eu.ssl-images-amazon.com/images/I/71lJnttqcML._AC_UL300_SR300,200_.jpg",https://www.amazon.in/Portronics-Charging-Aluminium-compatible-Smartphones/dp/B0CR6JQT6F/ref=zg_bs_g_electronics_d_sccl_11/522-0161304-3267341?psc=1,2026-03-24T12:39:47.136775,2,28,True,budget,high
12,B0F43W6V6J,"Samsung Galaxy M56 5G Mobile (Light Green,8GB RAM,256GB Storage)| Segment's Slimmest|Gorilla Glass Victus+| 10 Bit HDR Video| 50MP Camera| AI | Vapour Cooling Chamber| Lag-free Gaming| Without Charger",Samsung,25999.0,INR,4.3,1041,Electronics,Electronics,,"https://images-eu.ssl-images-amazon.com/images/I/71hN1gfzDcL._AC_UL300_SR300,200_.jpg",https://www.amazon.in/Samsung-Slimmest-Enhanced-Nightography-Processor/dp/B0F43W6V6J/ref=zg_bs_g_electronics_d_sccl_12/522-0161304-3267341?psc=1,2026-03-24T12:39:47.137762,2,28,True,premium,high
13,B0B6BLTGTT,"Noise Pulse 2 Max 1.85"" Display, Bluetooth Calling Smart Watch, 10 Days Battery, 550 NITS Brightness, Smart DND, 100 Sports Modes, Smartwatch for Men and Women (Jet Black)",Noise,1199.0,INR,4.0,24027,Electronics,Electronics,,"https://images-eu.ssl-images-amazon.com/images/I/61bm7UEdGAL._AC_UL300_SR300,200_.jpg",https://www.amazon.in/Noise-Advanced-Bluetooth-Brightness-Smartwatch/dp/B0B6BLTGTT/ref=zg_bs_g_electronics_d_sccl_13/522-0161304-3267341?psc=1,2026-03-24T12:39:47.138720,2,28,True,mid,high
14,B0BL6S8KHM,ProElite Smart Case for iPad (A16) 11th/10th Generation (2025/2022) [Auto Sleep/Wake Cover] [Pencil Holder] [Soft Flexible Case] Recoil Series for Apple iPad 10th/11th Gen - Dark Blue,ProElite,529.0,INR,4.3,4478,Electronics,Electronics,,"https://images-eu.ssl-images-amazon.com/images/I/618tNqgXWBL._AC_UL300_SR300,200_.jpg",https://www.amazon.in/ProElite-Generation-Pencil-Holder-Flexible/dp/B0BL6S8KHM/ref=zg_bs_g_electronics_d_sccl_14/522-0161304-3267341?psc=1,2026-03-24T12:39:47.139953,2,27,True,mid,high
15,B0G49VLFSG,"realme narzo 90 5G (Victory Gold,6GB+128GB) | 7000mAh Biggest Battery | 60W Fastest Charging | 50MP Front & Rear AI Cameras | 4000nits Brightest Display | AI Assist | IP69 Dust & Water Resistance",realme,16249.0,INR,4.1,422,Electronics,Electronics,,"https://images-eu.ssl-images-amazon.com/images/I/811u8KqIIVL._AC_UL300_SR300,200_.jpg",https://www.amazon.in/realme-Charging-4000nits-Brightest-Resistance/dp/B0G49VLFSG/ref=zg_bs_g_electronics_d_sccl_15/522-0161304-3267341?psc=1,2026-03-24T12:39:47.141857,2,34,True,premium,medium
16,B0GDGNH2JF,"SPHENI Smart Multipurpose Foldable Laptop Table with Cup Holder, Study Table, Bed Table, Breakfast Table, Foldable and Portable/Ergonomic & Rounded Edges/Non-Slip Legs (Wood New)",SPHENI,299.0,INR,4.2,324,Electronics,Electronics,,"https://images-eu.ssl-images-amazon.com/images/I/61vRS6yf5SL._AC_UL300_SR300,200_.jpg",https://www.amazon.in/SPHENI-Multipurpose-Foldable-Breakfast-Ergonomic/dp/B0GDGNH2JF/ref=zg_bs_g_electronics_d_sccl_16/522-0161304-3267341?psc=1,2026-03-24T12:39:47.143612,2,24,True,budget,medium
17,B0D9629NJQ,"Fastrack Limitless Glide X 1.83"" Smart Watch with Ultra UV HD Display, SpO2, Heart Rate & Sleep Tracking, Bluetooth Calling, 100+ Sports Modes, 5-Day Battery, Smartwatch for Men & Women (Black)",Fastrack,1299.0,INR,4.0,3463,Electronics,Electronics,,"https://images-eu.ssl-images-amazon.com/images/I/71rNSvzQGlL._AC_UL300_SR300,200_.jpg",https://www.amazon.in/Fastrack-Limitless-SingleSync-Smartwatch-Assistant/dp/B0D9629NJQ/ref=zg_bs_g_electronics_d_sccl_17/522-0161304-3267341?psc=1,2026-03-24T12:39:47.145310,2,31,True,mid,high
18,B0F8BVSK21,"Boat Airdopes 141 Gen 2, 4 Mics ENx Tech, 48 Hrs Playback, Free Music Streaming, Fast Charge, Low Latency, IPX4, v5.4 Bluetooth Earbuds, TWS Ear Buds Wireless Earphones with mic (Active Black)",Boat,799.0,INR,3.8,88148,Electronics,Electronics,,"https://images-eu.ssl-images-amazon.com/images/I/71O+4zDSk-L._AC_UL300_SR300,200_.jpg",https://www.amazon.in/boAt-Airdopes-141-Streaming-Bluetooth/dp/B0F8BVSK21/ref=zg_bs_g_electronics_d_sccl_18/522-0161304-3267341?psc=1,2026-03-24T12:39:47.147122,2,32,True,mid,high
19,B0FG3CT94S,"Portronics Power Shutter 20000mAh 15W Magnetic Wireless Fast Charging Powerbank with in-Built Type C & 8 Pin Cable, 22.5W Type C PD Output, Type C Bidirectional Port, LED Display (Black)",Portronics,1998.0,INR,4.0,378,Electronics,Electronics,,"https://images-eu.ssl-images-amazon.com/images/I/61esBrKqyLL._AC_UL300_SR300,200_.jpg",https://www.amazon.in/Portronics-20000mAh-Magnetic-Powerbank-Bidirectional/dp/B0FG3CT94S/ref=zg_bs_g_electronics_d_sccl_19/522-0161304-3267341?psc=1,2026-03-24T12:39:47.149022,2,30,True,mid,medium
20,B088FKCD4J,"Boat Airdopes 131/8 with 60 Hrs Playback, ASAP Charge Truly Wireless Bluetooth in Ear Earbuds with Mic (Active Black)",Boat,699.0,INR,3.8,5287,Electronics,Electronics,,"https://images-eu.ssl-images-amazon.com/images/I/71qedw-kh+L._AC_UL300_SR300,200_.jpg",https://www.amazon.in/Airdopes-131-Technology-Bluetooth-Immersive/dp/B088FKCD4J/ref=zg_bs_g_electronics_d_sccl_20/522-0161304-3267341?psc=1,2026-03-24T12:39:47.150099,2,19,True,mid,high
21,B0DNFR8JRG,"SanDisk Ultra Dual Drive Go Type-C 128GB, OTG, Upto 400MB/S,usb3.2_gen_1 Pendrive, Navagio Bay, 5Y Warranty (SDDDC3-128G-I46NPD)","4 offers from₹2,399.00",2399.0,INR,4.2,3800,Electronics,Electronics,,"https://images-eu.ssl-images-amazon.com/images/I/61rX7xajkjL._AC_UL300_SR300,200_.jpg",https://www.amazon.in/SanDisk-usb3-2_gen_1-Pendrive-Warranty-SDDDC3-128G-I46NPD/dp/B0DNFR8JRG/ref=zg_bs_g_electronics_d_sccl_21/522-0161304-3267341?psc=1,2026-03-24T12:39:47.151246,2,16,True,premium,high
22,B07N42JB4S,"Syvo WT 3130 Aluminum Tripod (133CM), Universal Lightweight Tripod with Mobile Phone Holder Mount & Carry Bag for All Smart Phones, Gopro, Cameras",Syvo,799.0,INR,4.2,34058,Electronics,Electronics,,"https://images-eu.ssl-images-amazon.com/images/I/61H1dMNTSnL._AC_UL300_SR300,200_.jpg",https://www.amazon.in/Syvo-3130-Aluminum-Universal-Lightweight/dp/B07N42JB4S/ref=zg_bs_g_electronics_d_sccl_22/522-0161304-3267341?psc=1,2026-03-24T12:39:47.152189,2,23,True,mid,high
23,B01HJI0FS2,"Dell MS116 Wired Mouse, 1000 DPI, Scrolling Wheel, 2 Buttons, 1 x USB, Optical LED Tracking, Plug and Play, Scrolling Wheel, Black",Dell,279.0,INR,4.4,47185,Electronics,Electronics,,"https://images-eu.ssl-images-amazon.com/images/I/51a1LryFTZS._AC_UL300_SR300,200_.jpg",https://www.amazon.in/Dell-MS116-1000DPI-Wired-Optical/dp/B01HJI0FS2/ref=zg_bs_g_electronics_d_sccl_23/522-0161304-3267341?psc=1,2026-03-24T12:39:47.153133,2,22,True,budget,high
24,B08JQ6CVJ3,Tygot Lightweight & Portable Portable 7 Feet (84 Inch) Long Tripod Stand with Adjustable Mobile Clip Holder for All Mobiles & Cameras (Black),Tygot,329.0,INR,3.7,29638,Electronics,Electronics,,"https://images-eu.ssl-images-amazon.com/images/I/71JFGTQyRJL._AC_UL300_SR300,200_.jpg",https://www.amazon.in/Tygot-Lightweight-Portable-Aluminum-Photography/dp/B08JQ6CVJ3/ref=zg_bs_g_electronics_d_sccl_24/522-0161304-3267341?psc=1,2026-03-24T12:39:47.154077,2,23,True,budget,high
25,B0000C73CQ,Fujifilm Instax Mini Picture Format Film (20 Shots),Fujifilm,1399.0,INR,4.4,215099,Electronics,Electronics,,"https://images-eu.ssl-images-amazon.com/images/I/61cpxtAOkFL._AC_UL300_SR300,200_.jpg",https://www.amazon.in/Fujifilm-Instax-Picture-Format-SHOTS/dp/B0000C73CQ/ref=zg_bs_g_electronics_d_sccl_25/522-0161304-3267341?psc=1,2026-03-24T12:39:47.155016,2,8,True,mid,high
26,B0FVG14W46,"Kratos 28 Inch Selfie Stick Tripod Stand with Light, 3-in-1 Multifunctional Design, Rechargeable LED Light with Two Brightness Levels with Bluetooth Remote for Makeup, Selfie & Photoshoot",Kratos,489.0,INR,4.0,2234,Electronics,Electronics,,"https://images-eu.ssl-images-amazon.com/images/I/71C7AH5ebiL._AC_UL300_SR300,200_.jpg",https://www.amazon.in/Kratos-Multifunctional-Rechargeable-Brightness-Photoshoot/dp/B0FVG14W46/ref=zg_bs_g_electronics_d_sccl_26/522-0161304-3267341?psc=1,2026-03-24T12:39:47.155980,2,27,True,budget,high
27,B01DEWVZ2C,"JBL C100SI Wired In Ear Headphones With Mic, Pure Bass Sound, One Button Multi-Function Remote, Premium Metallic Finish, Angled Buds For Comfort Fit (Black)",JBL,649.0,INR,4.0,204928,Electronics,Electronics,,"https://images-eu.ssl-images-amazon.com/images/I/51Q8DUDT2eL._AC_UL300_SR300,200_.jpg",https://www.amazon.in/JBL-Headphones-Multi-function-Premium-Metallic/dp/B01DEWVZ2C/ref=zg_bs_g_electronics_d_sccl_27/522-0161304-3267341?psc=1,2026-03-24T12:39:47.157571,2,24,True,mid,high
28,B0CQJWMMG7,"Noise Buds N1 Truly Wireless Earbuds with Chrome Finish, 40H of Playtime, Quad Mic with ENC, Ultra Low Latency Gaming (Up to 40 Ms), Instacharge(10 Min=120 Min), Bluetooth V5.3(Carbon Black)",Noise,999.0,INR,3.8,14628,Electronics,Electronics,,"https://images-eu.ssl-images-amazon.com/images/I/61bcY1YYXoL._AC_UL300_SR300,200_.jpg",https://www.amazon.in/Noise-Launched-Wireless-Playtime-Instacharge/dp/B0CQJWMMG7/ref=zg_bs_g_electronics_d_sccl_28/522-0161304-3267341?psc=1,2026-03-24T12:39:47.159250,2,30,True,mid,high
29,B0DS6HF5KJ,iPhone Charger Adapter 20W Lightning Cable Combo (MFi-Certified) Compatible with iPhone 14/14Plus/14Pro/14 Pro max13/13 Pro/13 Pro max/12/12 Pro/11/X/X,iPhone,627.99,INR,4.3,11555,Electronics,Electronics,,"https://images-eu.ssl-images-amazon.com/images/I/51nZb2Vf0lL._AC_UL300_SR300,200_.jpg",https://www.amazon.in/DR-VAKU-Lightning-MFi-Certified-Compatible/dp/B0DS6HF5KJ/ref=zg_bs_g_electronics_d_sccl_29/522-0161304-3267341?psc=1,2026-03-24T12:39:47.160947,2,18,True,mid,high
30,B0BDYVC5TD,"SanDisk Ultra 128GB microSDXC UHS-I, 140MB/s R, Memory Card, 10 Y Warranty, for Smartphones",SanDisk,2629.0,INR,4.4,64000,Electronics,Electronics,,"https://images-eu.ssl-images-amazon.com/images/I/51FeeXHe1nL._AC_UL300_SR300,200_.jpg",https://www.amazon.in/SanDisk-Ultra%C2%AE-microSDXCTM-Warranty-Smartphones/dp/B0BDYVC5TD/ref=zg_bs_g_electronics_d_sccl_30/522-0161304-3267341?psc=1,2026-03-24T12:39:47.162646,2,14,True,premium,high
